node1,node2,length,startLon,startLat,endLon,endLat,startNodeL,endNodeL,startYear,endYear
217,218,0.0690670193774809,13.2418430148249,-8.82883165597731,13.2425505318229,-8.82882255158147,0.9023764752497,0.852797014749734,2020.40173311379,2020.45131257429
217,427,0.0107906990613494,13.2418430148249,-8.82883165597731,13.2416276618642,-8.82896234175906,0.9023764752497,0.88630386747819,2020.40173311379,2020.41780572156
427,428,0.000687686136219723,13.2416276618642,-8.82896234175906,13.2416249998685,-8.82824801198877,0.88630386747819,0.878864723779194,2020.41780572156,2020.42524486526
428,429,0.0498625806586147,13.2416249998685,-8.82824801198877,13.2408777624321,-8.82789579041258,0.878864723779194,0.843829008866372,2020.42524486526,2020.46028058017
218,219,0.0103053522525178,13.2425505318229,-8.82882255158147,13.2433774892225,-8.82925171697448,0.852797014749734,0.841794223380446,2020.45131257429,2020.46231536566
429,211,0.0308853597214547,13.2408777624321,-8.82789579041258,13.2405139147557,-8.83189159702441,0.843829008866372,0.820503031663975,2020.46028058017,2020.48360655738
429,212,0.0308853597214547,13.2408777624321,-8.82789579041258,13.2408091952811,-8.82239388530886,0.843829008866372,0.820503031663975,2020.46028058017,2020.48360655738
427,216,0.0841678669534153,13.2416276618642,-8.82896234175906,13.2405506699433,-8.83141048643544,0.88630386747819,0.817770791226898,2020.41780572156,2020.48633879781
219,254,0.00200265040963943,13.2433774892225,-8.82925171697448,13.2425060878131,-8.82956621969679,0.841794223380446,0.817101642837516,2020.46231536566,2020.4870079462
218,282,0.0286041448575989,13.2425505318229,-8.82882255158147,13.2436755818602,-8.8290509245072,0.852797014749734,0.808720939955688,2020.45131257429,2020.49538864909
428,430,0.0586897984517488,13.2416249998685,-8.82824801198877,13.2437630821105,-8.82623556834785,0.878864723779194,0.808152898875616,2020.42524486526,2020.49595669017
282,384,0.0122587208770855,13.2436755818602,-8.8290509245072,13.2432803301113,-8.82819167265816,0.808720939955688,0.796658303420733,2020.49538864909,2020.50745128562
384,385,0.0381801409671563,13.2432803301113,-8.82819167265816,13.2427755904845,-8.82744271615611,0.796658303420733,0.772102403064542,2020.50745128562,2020.53200718598
384,409,0.148260445985467,13.2432803301113,-8.82819167265816,13.2437742992244,-8.82926485874221,0.796658303420733,0.756250412790713,2020.50745128562,2020.54785917625
254,267,0.0323594585996196,13.2425060878131,-8.82956621969679,13.2435123687045,-8.8301943659829,0.817101642837516,0.753321981808917,2020.4870079462,2020.55078760723
409,410,0.00502247944273382,13.2437742992244,-8.82926485874221,13.243877519069,-8.82834707467177,0.756250412790713,0.750197593750992,2020.54785917625,2020.55391199529
410,414,0.0441269793921132,13.243877519069,-8.82834707467177,13.2433480186009,-8.82953867135119,0.750197593750992,0.740972101903607,2020.55391199529,2020.56313748714
282,283,0.0463565404018239,13.2436755818602,-8.8290509245072,13.2436261376627,-8.82857307515471,0.808720939955688,0.734213624907848,2020.49538864909,2020.56989596413
414,415,0.00506193275017497,13.2433480186009,-8.82953867135119,13.2425171292622,-8.82800217245481,0.740972101903607,0.732417552748445,2020.56313748714,2020.57169203629
254,255,0.0480738968593841,13.2425060878131,-8.82956621969679,13.2423402496409,-8.82880995483684,0.817101642837516,0.730519351944183,2020.4870079462,2020.5735902371
267,272,0.0174598834304782,13.2435123687045,-8.8301943659829,13.2439275885186,-8.8303703521774,0.753321981808917,0.715237165341468,2020.55078760723,2020.5888724237
283,284,0.0969688447066162,13.2436261376627,-8.82857307515471,13.2436814865493,-8.82816128985543,0.734213624907848,0.710294755463112,2020.56989596413,2020.59381483358
267,268,0.15668779522137,13.2435123687045,-8.8301943659829,13.243813980074,-8.83027374012162,0.753321981808917,0.702867756527884,2020.55078760723,2020.60124183251
255,256,0.00371222146937944,13.2423402496409,-8.82880995483684,13.242171033763,-8.82870117623584,0.730519351944183,0.701057510052912,2020.5735902371,2020.60305207899
415,416,0.00839960661629036,13.2425171292622,-8.82800217245481,13.24289099323,-8.92206483795236,0.732417552748445,0.700357397641267,2020.57169203629,2020.6037521914
284,304,0.0130838945738632,13.2436814865493,-8.82816128985543,13.2438971010461,-8.82742764870767,0.710294755463112,0.692513905376738,2020.59381483358,2020.61159568366
272,276,0.011942422406113,13.2439275885186,-8.8303703521774,13.2438866058488,-8.83073071212564,0.715237165341468,0.688413551966807,2020.5888724237,2020.61569603707
256,257,0.0119151994476305,13.242171033763,-8.82870117623584,13.2418095746152,-8.82881367930466,0.701057510052912,0.688114853725561,2020.60305207899,2020.61599473532
385,390,0.0906629471488646,13.2427755904845,-8.82744271615611,13.2446659861633,-8.82788008987997,0.772102403064542,0.685518699535305,2020.53200718598,2020.61859088951
276,277,0.000760572212609056,13.2438866058488,-8.83073071212564,13.2437940032339,-8.83042786297137,0.688413551966807,0.6749231560099,2020.61569603707,2020.62918643303
304,305,0.049209452507315,13.2438971010461,-8.82742764870767,13.2444177991356,-8.82718203107278,0.692513905376738,0.659995829416168,2020.61159568366,2020.64411375962
268,271,0.0132751081446369,13.243813980074,-8.83027374012162,13.2225768393541,-8.92153632381881,0.702867756527884,0.651137665380517,2020.60124183251,2020.65297192366
305,306,0.0491246712705629,13.2444177991356,-8.82718203107278,13.2440105760124,-8.82713150784215,0.659995829416168,0.642737992687655,2020.64411375962,2020.66137159635
415,417,0.107389442574024,13.2425171292622,-8.82800217245481,13.2429671736803,-8.82742300757652,0.732417552748445,0.634301143633735,2020.57169203629,2020.66980844541
268,269,0.0415551033083177,13.243813980074,-8.83027374012162,13.2443389935509,-8.83056911801328,0.702867756527884,0.633554835480695,2020.60124183251,2020.67055475356
272,273,0.0930300588006925,13.2439275885186,-8.8303703521774,13.2442522279762,-8.83094495318144,0.715237165341468,0.630756534721921,2020.5888724237,2020.67335305432
390,404,0.0898611462841239,13.2446659861633,-8.82788008987997,13.2453163745861,-8.82742349478483,0.685518699535305,0.629831287061322,2020.61859088951,2020.67427830198
257,258,0.0686905988865231,13.2418095746152,-8.82881367930466,13.2410134434387,-8.82956260832086,0.688114853725561,0.625883074074178,2020.61599473532,2020.67822651497
304,307,0.0439217866831182,13.2438971010461,-8.82742764870767,13.2436889808396,-8.82731987936934,0.692513905376738,0.622425460326449,2020.61159568366,2020.68168412871
269,270,0.0124981302900111,13.2443389935509,-8.83056911801328,13.2444382813889,-8.83062277141212,0.633554835480695,0.611932973991373,2020.67055475356,2020.69217661505
219,220,0.183869463398019,13.2433774892225,-8.82925171697448,17.0911103184143,-22.9087331597833,0.841794223380446,0.606404314766352,2020.46231536566,2020.69770527427
307,308,0.0500100405483747,13.2436889808396,-8.82731987936934,13.2441358684469,-8.82761239369161,0.622425460326449,0.598585219851025,2020.68168412871,2020.70552436919
414,422,0.0527351012598063,13.2433480186009,-8.82953867135119,15.818236605212,-16.4638458285072,0.740972101903607,0.597997782573309,2020.56313748714,2020.70611180647
410,411,0.094987758770898,13.243877519069,-8.82834707467177,13.2427372291109,-8.83286490704587,0.750197593750992,0.589816043503002,2020.55391199529,2020.71429354554
283,382,0.12591374435756,13.2436261376627,-8.82857307515471,13.2438529116017,-8.82973241759492,0.734213624907848,0.56953678139666,2020.56989596413,2020.73457280764
417,418,0.0184141818514644,13.2429671736803,-8.82742300757652,13.2437785231233,-8.82792787115931,0.634301143633735,0.567723084321776,2020.66980844541,2020.73638650472
220,222,0.0862246578240272,17.0911103184143,-22.9087331597833,17.0919173352936,-22.9087333866867,0.606404314766352,0.554460003838717,2020.69770527427,2020.7496495852
284,285,0.108289211953609,13.2436814865493,-8.82816128985543,13.2434175302228,-8.82998353430284,0.710294755463112,0.551884380918872,2020.59381483358,2020.75222520812
222,223,0.0177069192829202,17.0919173352936,-22.9087333866867,17.0918647691912,-22.9086062358787,0.554460003838717,0.541196300491955,2020.7496495852,2020.76291328855
308,372,0.0426263818673478,13.2441358684469,-8.82761239369161,13.2486458118933,-8.82798607878996,0.598585219851025,0.53362107758845,2020.70552436919,2020.77048851145
258,259,0.157956289698575,13.2410134434387,-8.82956260832086,13.2388541897185,-8.83226503301941,0.625883074074178,0.527299873400452,2020.67822651497,2020.77680971564
257,266,0.247663484726614,13.2418095746152,-8.82881367930466,13.3750706956604,-8.8311260753025,0.688114853725561,0.525311232083532,2020.61599473532,2020.77879835696
422,423,0.0779445095802864,15.818236605212,-16.4638458285072,16.3257037856186,-17.2344847874978,0.597997782573309,0.524582552460011,2020.70611180647,2020.77952703658
411,412,0.0315913942531247,13.2427372291109,-8.83286490704587,13.2427245862294,-8.83194708568566,0.589816043503002,0.520746968031311,2020.71429354554,2020.78336262101
308,309,0.0905985852830217,13.2441358684469,-8.82761239369161,13.2433992384727,-8.82817622083201,0.598585219851025,0.506274371160527,2020.70552436919,2020.79783521788
418,419,0.0122410433143365,13.2437785231233,-8.82792787115931,13.2445980028526,-8.82833412576045,0.567723084321776,0.498337353099449,2020.73638650472,2020.80577223594
390,391,0.15572782126751,13.2446659861633,-8.82788008987997,16.1692630802711,-19.8757059417996,0.685518699535305,0.490905396892908,2020.61859088951,2020.81320419215
223,224,0.0415270070576879,17.0918647691912,-22.9086062358787,17.0916157954589,-22.9086833043096,0.541196300491955,0.486914298115433,2020.76291328855,2020.81719529093
382,383,0.210560841707611,13.2438529116017,-8.82973241759492,13.2439344070865,-8.82957144264273,0.56953678139666,0.480117339121512,2020.73457280764,2020.82399224992
372,373,0.0355542850553921,13.2486458118933,-8.82798607878996,13.2486401295171,-8.82928433760869,0.53362107758845,0.47820644802231,2020.77048851145,2020.82590314102
309,310,0.00134182183656334,13.2433992384727,-8.82817622083201,13.2431448347441,-8.82807322790238,0.506274371160527,0.47807096229331,2020.79783521788,2020.82603862675
224,235,0.0394466805619724,17.0916157954589,-22.9086833043096,17.0913501454023,-22.9091312350568,0.486914298115433,0.473896680889474,2020.81719529093,2020.83021290815
385,386,0.301608855992309,13.2427755904845,-8.82744271615611,13.2405443658009,-8.82633663988391,0.772102403064542,0.468557638536355,2020.53200718598,2020.8355519505
285,300,0.175896876417195,13.2434175302228,-8.82998353430284,13.2435654309377,-8.83201032586607,0.551884380918872,0.468112879974945,2020.75222520812,2020.83599670907
391,393,0.0109522498466833,16.1692630802711,-19.8757059417996,17.0543568736977,-22.7211303671683,0.490905396892908,0.461696181695825,2020.81320419215,2020.84241340735
285,286,0.105539443400196,13.2434175302228,-8.82998353430284,13.2427730341971,-8.82975083275599,0.551884380918872,0.459928860414092,2020.75222520812,2020.84418072863
235,236,0.0097775103314473,17.0913501454023,-22.9091312350568,17.0905652338939,-22.9090622259427,0.473896680889474,0.456828794915912,2020.83021290815,2020.84728079413
309,323,0.0129909684837021,13.2433992384727,-8.82817622083201,13.2442194940127,-8.82825695844375,0.506274371160527,0.456383372892352,2020.79783521788,2020.84772621615
310,311,0.0660864031590024,13.2431448347441,-8.82807322790238,13.2427400378837,-8.82785814283312,0.47807096229331,0.454172994311914,2020.82603862675,2020.84993659473
393,395,0.0622013081837675,17.0543568736977,-22.7211303671683,17.0846072872152,-22.8690474184265,0.461696181695825,0.450755482312799,2020.84241340735,2020.85335410673
259,260,0.0913893641131717,13.2388541897185,-8.83226503301941,13.236335015659,-8.83457774921849,0.527299873400452,0.448004527794034,2020.77680971564,2020.85610506125
323,326,0.0224855836702123,13.2442194940127,-8.82825695844375,13.2443813248585,-8.82844279770137,0.456383372892352,0.444424286355628,2020.84772621615,2020.85968530269
286,287,0.000359494948343919,13.2427730341971,-8.82975083275599,13.2426114446607,-8.82990340859624,0.459928860414092,0.43897547189469,2020.84418072863,2020.86513411715
273,274,0.202769380085217,13.2442522279762,-8.83094495318144,13.2444303685042,-8.83069162787787,0.630756534721921,0.43736918021611,2020.67335305432,2020.86674040882
236,237,0.0404020355597494,17.0905652338939,-22.9090622259427,17.0898297284923,-22.9098689258076,0.456828794915912,0.437201919612857,2020.84728079413,2020.86690766943
236,246,0.020651300279039,17.0905652338939,-22.9090622259427,17.0902781473521,-22.9089749028553,0.456828794915912,0.433338261352491,2020.84728079413,2020.87077132769
395,185,0.0125501151279551,17.0846072872152,-22.8690474184265,17.0885946761118,-22.9118386485714,0.450755482312799,0.432524889587512,2020.85335410673,2020.87158469945
273,275,0.317226265814223,13.2442522279762,-8.83094495318144,13.2444288646709,-8.83203685188682,0.630756534721921,0.432080556412028,2020.67335305432,2020.87202903263
373,374,0.0806438982635765,13.2486401295171,-8.82928433760869,13.2640999683996,-8.88418495597264,0.47820644802231,0.428390103864119,2020.82590314102,2020.87571948518
386,387,0.0142567689579183,13.2405443658009,-8.82633663988391,13.2398334316189,-8.82820527127442,0.468557638536355,0.424800648316332,2020.8355519505,2020.87930894072
237,240,0.00385066237478665,17.0898297284923,-22.9098689258076,15.9195252910328,-19.0530652675726,0.437201919612857,0.422275581733634,2020.86690766943,2020.88183400731
326,327,0.0173920286133583,13.2443813248585,-8.82844279770137,13.2447076232609,-8.8290692185373,0.444424286355628,0.419254210470176,2020.85968530269,2020.88485537857
395,396,0.0261396187039426,17.0846072872152,-22.8690474184265,17.0907561252605,-22.9109519743126,0.450755482312799,0.416507030103376,2020.85335410673,2020.88760255894
419,421,0.0295421511809051,13.2445980028526,-8.82833412576045,13.24503063738,-8.82907275520872,0.498337353099449,0.415502758824071,2020.80577223594,2020.88860683022
310,319,0.125386741451401,13.2431448347441,-8.82807322790238,13.2340374380406,-8.92603992069805,0.47807096229331,0.415454915550881,2020.82603862675,2020.88865467349
419,420,0.0670278052351247,13.2445980028526,-8.82833412576045,13.2454416489922,-8.82777076211312,0.498337353099449,0.406131607062693,2020.80577223594,2020.89797798198
277,278,0.340448196062705,13.2437940032339,-8.83042786297137,13.2419660218511,-8.82861455685923,0.6749231560099,0.405602330840028,2020.62918643303,2020.8985072582
387,388,0.00975571403293912,13.2398334316189,-8.82820527127442,13.1755555918851,-9.10568880859602,0.424800648316332,0.404964567162886,2020.87930894072,2020.89914502188
246,247,0.0411091193231074,17.0902781473521,-22.9089749028553,17.0899121399151,-22.9083795872016,0.433338261352491,0.404774771007221,2020.87077132769,2020.89933481803
240,241,0.0247102119477144,15.9195252910328,-19.0530652675726,15.7422451364854,-18.4856496983133,0.422275581733634,0.403492655637912,2020.88183400731,2020.9006169334
247,248,0.0110397396272794,17.0899121399151,-22.9083795872016,17.0898842087939,-22.9081060848185,0.404774771007221,0.394889742426092,2020.89933481803,2020.90921984661
396,399,0.0370414588802349,17.0907561252605,-22.9109519743126,17.0912690607078,-22.9105237534538,0.416507030103376,0.394347053140145,2020.88760255894,2020.9097625359
374,375,0.00946258235995889,13.2640999683996,-8.88418495597264,13.2880401622093,-8.89266403843381,0.428390103864119,0.393586188888872,2020.87571948518,2020.91052340015
287,289,0.0986536186488658,13.2426114446607,-8.82990340859624,27.0904274922224,-10.3925329185769,0.43897547189469,0.390406441945519,2020.86513411715,2020.9137031471
287,288,0.1167956315363,13.2426114446607,-8.82990340859624,13.2421952759226,-8.8295457143534,0.43897547189469,0.389857629220395,2020.86513411715,2020.91425195982
260,263,0.0871746508358522,13.236335015659,-8.83457774921849,13.2178027316897,-8.94747633272884,0.448004527794034,0.389760921197462,2020.85610506125,2020.91434866784
327,330,0.0285116552505019,13.2447076232609,-8.8290692185373,13.2442823271751,-8.82829948629977,0.419254210470176,0.389028899445212,2020.88485537857,2020.9150806896
327,328,0.0182614989045493,13.2447076232609,-8.8290692185373,13.2455226353058,-8.83041691075838,0.419254210470176,0.387960409645266,2020.88485537857,2020.9161491794
286,294,0.0670677588690199,13.2427730341971,-8.82975083275599,15.2713841397888,-4.27167104513907,0.459928860414092,0.387070956735695,2020.84418072863,2020.91703863231
276,280,0.358969542518462,13.2438866058488,-8.83073071212564,13.1752449698706,-9.10655997469092,0.688413551966807,0.386065274648222,2020.61569603707,2020.91804431439
374,378,0.0286461971699147,13.2640999683996,-8.88418495597264,13.1769156071716,-9.10082556158543,0.428390103864119,0.385992724254132,2020.87571948518,2020.91811686479
311,312,0.0547568034885724,13.2427400378837,-8.82785814283312,13.2438134602955,-8.82884709859898,0.454172994311914,0.38472882855785,2020.84993659473,2020.91938076048
319,320,0.00361423784203568,13.2340374380406,-8.92603992069805,13.234359937653,-8.92984758255082,0.415454915550881,0.384178124350296,2020.88865467349,2020.91993146469
224,225,0.108630581265378,17.0916157954589,-22.9086833043096,17.0936458773241,-22.9077854577559,0.486914298115433,0.382504264610887,2020.81719529093,2020.92160532443
241,242,0.0463041503870155,15.7422451364854,-18.4856496983133,15.7454767175033,-18.4705723651384,0.403492655637912,0.381298396629541,2020.9006169334,2020.92281119241
375,376,0.00190793284792484,13.2880401622093,-8.89266403843381,13.3620653736097,-8.92467681210218,0.393586188888872,0.38043423429463,2020.91052340015,2020.92367535475
393,394,0.0822173801220303,17.0543568736977,-22.7211303671683,17.4128074473484,-24.4103160176473,0.461696181695825,0.379375060621357,2020.84241340735,2020.92473452842
220,221,0.310195263913744,17.0911103184143,-22.9087331597833,17.0889613910238,-22.9088438213601,0.606404314766352,0.376591749366642,2020.69770527427,2020.92751783967
326,365,0.0884538836898118,13.2443813248585,-8.82844279770137,13.243880949804,-8.82792176697973,0.444424286355628,0.375348756565349,2020.85968530269,2020.92876083248
388,389,0.0509239644537801,13.1755555918851,-9.10568880859602,13.1788709130756,-9.10610281448271,0.404964567162886,0.374529508466861,2020.89914502188,2020.92958008057
391,392,0.0968211794855226,16.1692630802711,-19.8757059417996,16.053960657351,-19.7166671525783,0.490905396892908,0.374279015321321,2020.81320419215,2020.92983057372
256,48,0.407152616903158,13.242171033763,-8.82870117623584,13.2420358001147,-8.82585666475073,0.701057510052912,0.37241559997004,2020.60305207899,2020.93169398907
383,165,0.0598114665694847,13.2439344070865,-8.82957144264273,13.2430923344623,-8.82777098594085,0.480117339121512,0.37241559997004,2020.82399224992,2020.93169398907
372,162,0.155139585129815,13.2486458118933,-8.82798607878996,13.3102237796409,-8.82631746343395,0.53362107758845,0.366951119095575,2020.77048851145,2020.93715846995
420,200,0.0283040424884349,13.2454416489922,-8.82777076211312,13.3081274653631,-8.8217363998613,0.406131607062693,0.366951119095575,2020.89797798198,2020.93715846995
388,170,0.0720468730835512,13.1755555918851,-9.10568880859602,13.1711859445931,-9.10566645576764,0.404964567162886,0.366951119095575,2020.89914502188,2020.93715846995
389,168,0.0211229086297711,13.1788709130756,-9.10610281448271,13.1788446141177,-9.1067502916715,0.374529508466861,0.366951119095575,2020.92958008057,2020.93715846995
389,169,0.0211229086297711,13.1788709130756,-9.10610281448271,13.1794735790723,-9.10555413389657,0.374529508466861,0.366951119095575,2020.92958008057,2020.93715846995
404,405,0.274256642988057,13.2453163745861,-8.82742349478483,13.246769155091,-8.82758031169084,0.629831287061322,0.365551099221634,2020.67427830198,2020.93855848982
330,338,0.00121442162810431,13.2442823271751,-8.82829948629977,13.2429233604869,-8.82762671181107,0.389028899445212,0.36532383071442,2020.9150806896,2020.93878575833
237,238,0.0580617479337478,17.0898297284923,-22.9098689258076,17.0887924940788,-22.9108994054304,0.437201919612857,0.364707607695511,2020.86690766943,2020.93940198135
277,61,0.404613119894707,13.2437940032339,-8.83042786297137,13.3738928972782,-8.91023771610491,0.6749231560099,0.364218878658448,2020.62918643303,2020.93989071038
404,191,0.219876359070855,13.2453163745861,-8.82742349478483,13.2454274670055,-8.82610417041859,0.629831287061322,0.364218878658448,2020.67427830198,2020.93989071038
270,49,0.224034969124208,13.2444382813889,-8.83062277141212,13.2486121282418,-8.82878915566827,0.611932973991373,0.364218878658448,2020.69217661505,2020.93989071038
266,46,0.155770654040519,13.3750706956604,-8.8311260753025,13.4386766264176,-8.82946010985167,0.525311232083532,0.364218878658448,2020.77879835696,2020.93989071038
396,397,0.0220793111953543,17.0907561252605,-22.9109519743126,20.8606882403213,-29.0157543768435,0.416507030103376,0.362221579746053,2020.88760255894,2020.94188800929
386,167,0.101523836948661,13.2405443658009,-8.82633663988391,13.2408203325033,-8.82270539814882,0.468557638536355,0.361486638221322,2020.8355519505,2020.94262295082
387,171,0.0872670679907427,13.2398334316189,-8.82820527127442,13.2390135135243,-8.82978224688707,0.424800648316332,0.361486638221322,2020.87930894072,2020.94262295082
338,341,0.0350036529677755,13.2429233604869,-8.82762671181107,13.242100337028,-8.82826910642265,0.36532383071442,0.360761471186601,2020.93878575833,2020.94334811785
294,295,0.0732878182240561,15.2713841397888,-4.27167104513907,15.2711179208541,-4.27178556951921,0.387070956735695,0.359747807956706,2020.91703863231,2020.94436178108
270,50,0.229499449998461,13.2444382813889,-8.83062277141212,13.2391910975825,-8.83203363608729,0.611932973991373,0.358754397784196,2020.69217661505,2020.94535519126
330,331,0.0201524016643641,13.2442823271751,-8.82829948629977,13.2441548953012,-8.82768743351534,0.389028899445212,0.358200482860374,2020.9150806896,2020.94590910618
422,424,0.158320930266589,15.818236605212,-16.4638458285072,16.107634939763,-18.0041500794643,0.597997782573309,0.35800500377666,2020.70611180647,2020.94610458526
306,86,0.204292632199283,13.2440105760124,-8.82713150784215,13.2442590174501,-8.82380560791318,0.642737992687655,0.35602215734707,2020.66137159635,2020.94808743169
383,166,0.0762049091924691,13.2439344070865,-8.82957144264273,13.2449251200275,-8.83129832559038,0.480117339121512,0.35602215734707,2020.82399224992,2020.94808743169
331,332,0.00163223413909774,13.2441548953012,-8.82768743351534,13.2442049520526,-8.82664444842808,0.358200482860374,0.354153599313794,2020.94590910618,2020.94995598973
248,249,0.0147949680352506,17.0898842087939,-22.9081060848185,17.0906646488272,-22.9065748253229,0.394889742426092,0.352755884296043,2020.90921984661,2020.95135370474
295,296,0.00597209193237414,15.2711179208541,-4.27178556951921,15.2713984778115,-4.27179021129568,0.359747807956706,0.352689664003636,2020.94436178108,2020.95141992504
248,28,0.0314469114535251,17.0898842087939,-22.9081060848185,17.0886314528645,-22.9094114291364,0.394889742426092,0.350557676472607,2020.90921984661,2020.95355191257
394,175,0.0745012563046141,17.4128074473484,-24.4103160176473,17.4134051000001,-24.4140944000031,0.379375060621357,0.350557676472607,2020.92473452842,2020.95355191257
312,313,0.0165924643200891,13.2438134602955,-8.82884709859898,13.2434508891719,-8.82904562499177,0.38472882855785,0.349548883395158,2020.91938076048,2020.95456070565
294,299,0.0542424175572178,15.2713841397888,-4.27167104513907,15.2721088171,-4.27145320609291,0.387070956735695,0.349270441359024,2020.91703863231,2020.95483914768
306,85,0.212489353510889,13.2440105760124,-8.82713150784215,15.275334451802,-4.26984579112704,0.642737992687655,0.347825436035451,2020.66137159635,2020.95628415301
341,342,0.0116448073911782,13.242100337028,-8.82826910642265,13.2430795047173,-8.82799669962575,0.360761471186601,0.345714863431349,2020.94334811785,2020.95839472561
225,233,0.053015620695715,17.0936458773241,-22.9077854577559,17.0942789456679,-22.9075664530708,0.382504264610887,0.344282919332469,2020.92160532443,2020.95982666971
399,403,0.0537226175785488,17.0912690607078,-22.9105237534538,17.0931223592636,-22.9102346128842,0.394347053140145,0.344001350071075,2020.9097625359,2020.96010823897
319,322,0.0145185239030624,13.2340374380406,-8.92603992069805,13.2328611639119,-8.9340924640221,0.415454915550881,0.343838860569003,2020.88865467349,2020.96027072847
342,343,0.000539379433468989,13.2430795047173,-8.82799669962575,13.2433506974862,-8.82699314048979,0.345714863431349,0.3437045705096,2020.95839472561,2020.96040501853
397,398,0.0426714512275081,20.8606882403213,-29.0157543768435,21.2046729776795,-29.57618350305,0.362221579746053,0.343528750498847,2020.94188800929,2020.96058083854
225,226,0.00782779231237607,17.0936458773241,-22.9077854577559,22.1416547276704,-18.1058057773937,0.382504264610887,0.342987348559323,2020.92160532443,2020.96112224048
312,315,0.0118018586027764,13.2438134602955,-8.82884709859898,13.2445149442285,-8.82894503796878,0.38472882855785,0.341611146792853,2020.91938076048,2020.96249844225
263,264,0.011250195115706,13.2178027316897,-8.94747633272884,13.1756843753255,-9.09822493785578,0.389760921197462,0.34143340906195,2020.91434866784,2020.96267617998
289,290,0.0293171900746614,27.0904274922224,-10.3925329185769,27.8409021084174,-10.5212242298071,0.390406441945519,0.341398697390186,2020.9137031471,2020.96271089165
260,261,0.0321804161042585,13.236335015659,-8.83457774921849,13.2339647618965,-8.83301487377507,0.448004527794034,0.340864634680882,2020.85610506125,2020.96324495436
238,239,0.0165223527532095,17.0887924940788,-22.9108994054304,17.0883011223719,-22.9115063585909,0.364707607695511,0.340319082783441,2020.93940198135,2020.96379050626
240,243,0.0696680902506546,15.9195252910328,-19.0530652675726,17.7049988205966,-19.2612596956761,0.422275581733634,0.340252004620375,2020.88183400731,2020.96385758442
399,400,0.0596062719212261,17.0912690607078,-22.9105237534538,17.091130171316,-22.9102209340707,0.394347053140145,0.339757737247923,2020.9097625359,2020.96435185179
342,349,0.0125811351060597,13.2430795047173,-8.82799669962575,13.2434621656051,-8.82868460570633,0.345714863431349,0.338975866266697,2020.95839472561,2020.96513372277
300,301,0.0311223176557845,13.2435654309377,-8.83201032586607,13.2440733472089,-8.83309916115852,0.468112879974945,0.337650351546103,2020.83599670907,2020.96645923749
280,281,0.0477051286567498,13.1752449698706,-9.10655997469092,13.1759746225681,-9.10651830507974,0.386065274648222,0.337504557391859,2020.91804431439,2020.96660503165
405,406,0.00236383817419789,13.246769155091,-8.82758031169084,13.2463331041097,-8.8280761184561,0.365551099221634,0.335094614199231,2020.93855848982,2020.96901497484
332,333,0.025668617510279,13.2442049520526,-8.82664444842808,13.2457503722167,-8.82872716589554,0.354153599313794,0.33023176673954,2020.94995598973,2020.9738778223
378,379,0.0242455331777631,13.1769156071716,-9.10082556158543,13.1760308626578,-9.09957327111851,0.385992724254132,0.328589710012478,2020.91811686479,2020.97551987903
341,363,0.0402153038267412,13.242100337028,-8.82826910642265,13.2428188850356,-8.82545465467635,0.360761471186601,0.328378301690839,2020.94334811785,2020.97573128735
233,234,0.0237946634347151,17.0942789456679,-22.9075664530708,17.0940362903698,-22.9074545151214,0.344282919332469,0.32812736260333,2020.95982666971,2020.97598222644
424,425,0.0625312737219784,16.107634939763,-18.0041500794643,16.1067200202089,-18.0389167166172,0.35800500377666,0.327850791812647,2020.94610458526,2020.97625879723
315,317,0.0384250154892448,13.2445149442285,-8.82894503796878,13.2445360884841,-8.82880148722999,0.341611146792853,0.326827969731925,2020.96249844225,2020.97728161931
289,72,0.0329235264088517,27.0904274922224,-10.3925329185769,36.8172449000006,-1.28325330000006,0.390406441945519,0.325967512538227,2020.9137031471,2020.9781420765
398,177,0.0282171110504347,21.2046729776795,-29.57618350305,21.2004010974486,-29.5782205222707,0.343528750498847,0.325967512538227,2020.96058083854,2020.9781420765
398,178,0.0282171110504347,21.2046729776795,-29.57618350305,21.2084449273324,-29.5742250162238,0.343528750498847,0.325967512538227,2020.96058083854,2020.9781420765
290,292,0.000849849979986272,27.8409021084174,-10.5212242298071,27.8440191825028,-10.5219298861236,0.341398697390186,0.319541720005537,2020.96271089165,2020.98456786904
349,359,0.00594110153362526,13.2434621656051,-8.82868460570633,13.2427180679961,-8.82844565971607,0.338975866266697,0.318167491328837,2020.96513372277,2020.98594209771
338,339,0.0253398531750887,13.2429233604869,-8.82762671181107,13.2453612778754,-8.82964081220121,0.36532383071442,0.316683434401688,2020.93878575833,2020.98742615464
349,350,0.00735270566212642,13.2434621656051,-8.82868460570633,13.2434077254456,-8.82959405176553,0.338975866266697,0.315325907310744,2020.96513372277,2020.98878368173
406,408,0.0127016410273662,13.2463331041097,-8.8280761184561,13.2331024053756,-8.90928289453703,0.335094614199231,0.314127090739159,2020.96901497484,2020.9899824983
397,176,0.084549764463801,20.8606882403213,-29.0157543768435,28.0813105000053,-25.9363438999944,0.362221579746053,0.312306310352361,2020.94188800929,2020.99180327869
281,63,0.0533438296753099,13.1759746225681,-9.10651830507974,13.3637840401973,-8.94266768968376,0.337504557391859,0.309574069915252,2020.96660503165,2020.99453551913
406,407,0.00894776570009914,13.2463331041097,-8.8280761184561,13.2457641191233,-8.8282481590322,0.335094614199231,0.308960806638901,2020.96901497484,2020.9951487824
333,334,0.0156782378804918,13.2457503722167,-8.82872716589554,13.2463462138028,-8.82885197609192,0.33023176673954,0.308004257342435,2020.9738778223,2020.9961053317
274,54,0.178893724807851,13.2444303685042,-8.83069162787787,13.3648144655276,-8.94372253120817,0.43736918021611,0.306841829478106,2020.86674040882,2020.99726775956
313,314,0.0418465084491165,13.2434508891719,-8.82904562499177,13.2451458288201,-8.82805859114852,0.349548883395158,0.306398460971475,2020.95456070565,2020.99771112807
292,293,0.0407034055893836,27.8440191825028,-10.5219298861236,27.8448605590871,-10.5221042368462,0.319541720005537,0.306168843500024,2020.98456786904,2020.99794074554
243,244,0.0590541650983413,17.7049988205966,-19.2612596956761,17.7047398162659,-19.2614891072647,0.340252004620375,0.305328489912297,2020.96385758442,2020.99878109913
359,360,0.00762526136255703,13.2427180679961,-8.82844565971607,13.2418289052751,-8.8290091852331,0.318167491328837,0.303167564778932,2020.98594209771,2021.00094202426
301,302,0.0601290099654389,13.2440733472089,-8.83309916115852,13.244716915618,-8.83099181357502,0.337650351546103,0.30154376328999,2020.96645923749,2021.00256582575
307,163,0.313357263627479,13.2436889808396,-8.82731987936934,13.2403696512882,-8.82319329735645,0.622425460326449,0.301369863013647,2020.68168412871,2021.00273972603
411,193,0.253158924916716,13.2427372291109,-8.83286490704587,13.2395564874607,-8.89952064789256,0.589816043503002,0.301369863013647,2020.71429354554,2021.00273972603
365,366,0.0639289360598779,13.243880949804,-8.82792176697973,13.2459490678638,-8.82934340096325,0.375348756565349,0.299236026200867,2020.92876083248,2021.00487356284
400,402,0.0440986706230013,17.091130171316,-22.9102209340707,17.0914045467674,-22.9095541081806,0.339757737247923,0.299047030876774,2020.96435185179,2021.00506255816
416,197,0.293297890956393,13.24289099323,-8.92206483795236,13.1726112785222,-9.09980249640684,0.700357397641267,0.29863013698629,2020.6037521914,2021.00547945205
278,279,0.144965632683939,13.2419660218511,-8.82861455685923,13.2430304614924,-8.82728292590361,0.405602330840028,0.295955033571974,2020.8985072582,2021.00815455547
320,99,0.0478852887210251,13.234359937653,-8.92984758255082,13.1696296995072,-9.10734946050332,0.384178124350296,0.295890410958691,2020.91993146469,2021.00821917808
299,79,0.0407035651593599,15.2721088171,-4.27145320609291,15.2719551068544,-4.27333568611605,0.349270441359024,0.295890410958691,2020.95483914768,2021.00821917808
271,52,0.335881288305015,13.2225768393541,-8.92153632381881,14.8940355943783,-9.99975859999962,0.651137665380517,0.293150684931334,2020.65297192366,2021.01095890411
280,64,0.117472343315969,13.1752449698706,-9.10655997469092,13.1740715707532,-9.10707524950523,0.386065274648222,0.293150684931334,2020.91804431439,2021.01095890411
281,62,0.0697672146592192,13.1759746225681,-9.10651830507974,13.1763999213154,-9.10681934622153,0.337504557391859,0.293150684931334,2020.96660503165,2021.01095890411
333,114,0.0521343265468668,13.2457503722167,-8.82872716589554,13.3735564483221,-8.90350705085587,0.33023176673954,0.293150684931334,2020.9738778223,2021.01095890411
379,380,0.0497277391248191,13.1760308626578,-9.09957327111851,13.1751625757521,-9.09941363380597,0.328589710012478,0.292891723796165,2020.97551987903,2021.01121786524
317,318,0.0219867188873634,13.2445360884841,-8.82880148722999,13.242801751995,-8.82753932863205,0.326827969731925,0.292668044843124,2020.97728161931,2021.0114415442
424,426,0.118129061672133,16.107634939763,-18.0041500794643,15.5186219096535,-18.9948759051269,0.35800500377666,0.291731342655372,2020.94610458526,2021.01237824639
408,188,0.00436215663570627,13.2331024053756,-8.90928289453703,13.1713162637938,-9.10546871987642,0.314127090739159,0.290410958903976,2020.9899824983,2021.01369863014
300,80,0.0998754866506713,13.2435654309377,-8.83201032586607,13.1747098841434,-9.10628797328252,0.468112879974945,0.287671232876619,2020.83599670907,2021.01643835616
328,105,0.115317188261275,13.2455226353058,-8.83041691075838,13.2475118752775,-8.83176240015618,0.387960409645266,0.287671232876619,2020.9161491794,2021.01643835616
350,135,0.0372703091600782,13.2434077254456,-8.82959405176553,13.2443457221488,-8.82880706538129,0.315325907310744,0.287671232876619,2020.98878368173,2021.01643835616
408,189,0.00710188266306366,13.2331024053756,-8.90928289453703,13.2292859063166,-8.93537791789728,0.314127090739159,0.287671232876619,2020.9899824983,2021.01643835616
376,377,0.105714574756532,13.3620653736097,-8.92467681210218,13.3646377357284,-8.94099662184706,0.38043423429463,0.286196971449885,2020.92367535475,2021.01791261759
302,303,0.0086462600666336,13.244716915618,-8.83099181357502,13.2445857138048,-8.83135894177258,0.30154376328999,0.285904752845419,2021.00256582575,2021.0182048362
405,190,0.0276468139193425,13.246769155091,-8.82758031169084,13.2486797943575,-8.82582206893721,0.365551099221634,0.282191780821904,2020.93855848982,2021.02191780822
407,187,0.0163352100450455,13.2457641191233,-8.8282481590322,13.2433277113314,-8.82724041872407,0.308960806638901,0.282191780821904,2020.9951487824,2021.02191780822
360,139,0.0365361039807371,13.2418289052751,-8.8290091852331,13.2402155478154,-8.83016053039163,0.303167564778932,0.282191780821904,2021.00094202426,2021.02191780822
261,262,0.16105597876366,13.2339647618965,-8.83301487377507,13.2364516691717,-8.83155210667303,0.340864634680882,0.28198301378968,2020.96324495436,2021.02212657525
264,265,0.0525913279726428,13.1756843753255,-9.09822493785578,13.1743801674582,-9.10322817455446,0.34143340906195,0.279718716139474,2020.96267617998,2021.0243908729
244,245,0.00319915007700006,17.7047398162659,-19.2614891072647,17.7043442874261,-19.2618522759353,0.305328489912297,0.279581680436858,2020.99878109913,2021.0245279086
288,66,0.0612969712653256,13.2421952759226,-8.8295457143534,13.242108547533,-8.82875582720867,0.389857629220395,0.279452054794314,2020.91425195982,2021.02465753425
296,297,0.0618591435017978,15.2713984778115,-4.27179021129568,15.271041455244,-4.27036858491814,0.352689664003636,0.278535611831692,2020.95141992504,2021.02557397721
322,101,0.0561590848517275,13.2328611639119,-8.9340924640221,13.2320145706065,-8.93524389593224,0.343838860569003,0.276712328766957,2020.96027072847,2021.02739726027
343,344,0.0691228545960879,13.2433506974862,-8.82699314048979,13.2422456698562,-8.82671125048043,0.3437045705096,0.275954592192764,2020.96040501853,2021.02815499685
334,335,0.0245064984085385,13.2463462138028,-8.82885197609192,13.2475930245089,-8.82880136473864,0.308004257342435,0.275111908597792,2020.9961053317,2021.02899768044
382,164,0.368815305507545,13.2438529116017,-8.82973241759492,13.2435131666676,-8.83154598747175,0.56953678139666,0.273972602739598,2020.73457280764,2021.0301369863
365,144,0.0762154622263851,13.243880949804,-8.82792176697973,13.2413155757821,-8.82600768303868,0.375348756565349,0.2739726027396,2020.92876083248,2021.0301369863
302,84,0.0223227891664622,13.244716915618,-8.83099181357502,13.2466237606239,-8.82986042836843,0.30154376328999,0.2739726027396,2021.00256582575,2021.0301369863
377,155,0.014834828202401,13.3646377357284,-8.94099662184706,13.3629286251955,-8.9415573870706,0.286196971449885,0.273972602739599,2021.01791261759,2021.0301369863
377,156,0.014834828202401,13.3646377357284,-8.94099662184706,13.3665106013613,-8.9409902218165,0.286196971449885,0.273972602739599,2021.01791261759,2021.0301369863
303,83,0.0136765290998286,13.2445857138048,-8.83135894177258,13.2446589970504,-8.83188750950064,0.285904752845419,0.2739726027396,2021.0182048362,2021.0301369863
332,115,0.0997207522762323,13.2442049520526,-8.82664444842808,13.2417292049659,-8.82341610873718,0.354153599313794,0.27123287671224,2020.94995598973,2021.03287671233
380,159,0.0320401747216771,13.1751625757521,-9.09941363380597,13.1783056253296,-9.09948364044139,0.292891723796165,0.271232876712242,2021.01121786524,2021.03287671233
421,203,0.164247664953339,13.24503063738,-8.82907275520872,13.2461927190339,-8.82853877744251,0.415502758824071,0.268493150684884,2020.88860683022,2021.03561643836
407,186,0.0300338401820598,13.2457641191233,-8.8282481590322,13.2485855926641,-8.82967068736586,0.308960806638901,0.268493150684884,2020.9951487824,2021.03561643836
344,345,0.0123818682496902,13.2422456698562,-8.82671125048043,13.241884973892,-8.82625331430397,0.275954592192764,0.267629053233888,2021.02815499685,2021.03648053581
255,36,0.517527013685059,13.2423402496409,-8.82880995483684,17.1015458868518,-18.5435224637804,0.730519351944183,0.265753424657527,2020.5735902371,2021.03835616438
423,206,0.208956531811509,16.3257037856186,-17.2344847874978,16.7734663810986,-17.5919677102648,0.524582552460011,0.265753424657527,2020.77952703658,2021.03835616438
241,21,0.120088412615758,15.7422451364854,-18.4856496983133,14.8856679000012,-18.2862313999997,0.403492655637912,0.265753424657528,2020.9006169334,2021.03835616438
242,19,0.0737842622287428,15.7454767175033,-18.4705723651384,15.7456966276515,-18.4724538076547,0.381298396629541,0.265753424657528,2020.92281119241,2021.03835616438
394,174,0.159305508119672,17.4128074473484,-24.4103160176473,17.1045482120368,-18.5507223580493,0.379375060621357,0.265753424657527,2020.92473452842,2021.03835616438
221,1,0.0735388336423193,17.0889613910238,-22.9088438213601,15.742099782238,-18.4722236496077,0.376591749366642,0.265753424657527,2020.92751783967,2021.03835616438
392,172,0.155653958602863,16.053960657351,-19.7166671525783,15.3858373822586,-22.0234316952119,0.374279015321321,0.265753424657527,2020.92983057372,2021.03835616438
392,173,0.155653958602863,16.053960657351,-19.7166671525783,15.740199347503,-18.4750859342861,0.374279015321321,0.265753424657527,2020.92983057372,2021.03835616438
403,184,0.0624178848952084,17.0931223592636,-22.9102346128842,16.7705425812038,-17.5838243970909,0.344001350071075,0.265753424657528,2020.96010823897,2021.03835616438
226,4,0.121817139813674,22.1416547276704,-18.1058057773937,24.1367637775049,-17.6881638314718,0.342987348559323,0.265753424657527,2020.96112224048,2021.03835616438
243,25,0.0751305343128181,17.7049988205966,-19.2612596956761,17.7056540238532,-19.2605396504894,0.340252004620375,0.265753424657528,2020.96385758442,2021.03835616438
379,157,0.0872473659012111,13.1760308626578,-9.09957327111851,13.2363729848263,-8.90056906014684,0.328589710012478,0.265753424657528,2020.97551987903,2021.03835616438
279,59,0.0176647451489793,13.2430304614924,-8.82728292590361,13.241438495098,-8.82777972212924,0.295955033571974,0.265753424657528,2021.00815455547,2021.03835616438
279,60,0.0176647451489793,13.2430304614924,-8.82728292590361,13.245122881937,-8.82631969728532,0.295955033571974,0.265753424657528,2021.00815455547,2021.03835616438
380,158,0.0375196267763919,13.1751625757521,-9.09941363380597,13.1702262357722,-9.09916203084731,0.292891723796165,0.265753424657528,2021.01121786524,2021.03835616438
245,23,0.0128772191374768,17.7043442874261,-19.2618522759353,17.704173711545,-19.2619914935198,0.279581680436858,0.265753424657529,2021.0245279086,2021.03835616438
328,329,0.130901317890287,13.2455226353058,-8.83041691075838,13.2339272040536,-8.93458720397289,0.387960409645266,0.264675675044065,2020.9161491794,2021.039433914
345,346,0.00267914746537745,13.241884973892,-8.82625331430397,13.2422842819288,-8.82673069130488,0.267629053233888,0.263635138864505,2021.03648053581,2021.04047445018
278,58,0.165370103860503,13.2419660218511,-8.82861455685923,13.2401313652662,-8.82935949509704,0.405602330840028,0.263013698629948,2020.8985072582,2021.04109589041
318,94,0.0167061807162456,13.242801751995,-8.82753932863205,13.2417477231056,-8.82512074877176,0.292668044843124,0.263013698629948,2021.0114415442,2021.04109589041
335,337,0.0208147307573554,13.2475930245089,-8.82880136473864,13.2479423026712,-8.82871410093747,0.275111908597792,0.262489775659782,2021.02899768044,2021.04161981338
226,227,0.13445187493043,22.1416547276704,-18.1058057773937,20.7238433750399,-18.3962649080176,0.342987348559323,0.262398400356948,2020.96112224048,2021.04171118868
317,93,0.0414326256309664,13.2445360884841,-8.82880148722999,13.2476500210361,-8.83088996334109,0.326827969731925,0.26027397260259,2020.97728161931,2021.04383561644
425,208,0.0742680154855268,16.1067200202089,-18.0389167166172,27.5589884000016,-14.5189121000003,0.327850791812647,0.257534246575233,2020.97625879723,2021.04657534247
350,351,0.0998429837285638,13.2434077254456,-8.82959405176553,13.2422550574046,-8.82923025110889,0.315325907310744,0.25675175300922,2020.98878368173,2021.04735783603
346,119,0.00535761251238326,13.2422842819288,-8.82673069130488,13.2434639948917,-8.82517602134649,0.263635138864505,0.254794520547875,2021.04047445018,2021.04931506849
346,120,0.00535761251238326,13.2422842819288,-8.82673069130488,13.2398506309109,-8.83081921864661,0.263635138864505,0.254794520547875,2021.04047445018,2021.04931506849
400,401,0.0992190852824602,17.091130171316,-22.9102209340707,17.090066327415,-22.9106866062463,0.339757737247923,0.253501571723164,2020.96435185179,2021.05060801732
259,38,0.288951334319965,13.2388541897185,-8.83226503301941,13.435644948495,-8.83239491650152,0.527299873400452,0.252054794520518,2020.77680971564,2021.05205479452
313,90,0.0832862134849707,13.2434508891719,-8.82904562499177,13.239621170738,-8.8317780226193,0.349548883395158,0.252054794520518,2020.95456070565,2021.05205479452
363,141,0.0642500918488022,13.2428188850356,-8.82545465467635,13.2411145700023,-8.82243407597827,0.328378301690839,0.252054794520518,2020.97573128735,2021.05205479452
314,88,0.0414397050358542,13.2451458288201,-8.82805859114852,13.2475879514532,-8.82487702539978,0.306398460971475,0.252054794520518,2020.99771112807,2021.05205479452
337,112,0.0322307499112967,13.2479423026712,-8.82871410093747,13.2484265193496,-8.82655693157849,0.262489775659782,0.252054794520518,2021.04161981338,2021.05205479452
337,113,0.0322307499112967,13.2479423026712,-8.82871410093747,13.2478322225371,-8.83092163195672,0.262489775659782,0.252054794520518,2021.04161981338,2021.05205479452
311,96,0.157375207321217,13.2427400378837,-8.82785814283312,13.2390716932383,-8.82468827915585,0.454172994311914,0.249315068492937,2020.84993659473,2021.05479452055
344,348,0.0287368648503191,13.2422456698562,-8.82671125048043,13.2427938091731,-8.82410675527467,0.275954592192764,0.248786539066588,2021.02815499685,2021.05532304997
351,352,0.00775196178573667,13.2422550574046,-8.82923025110889,13.2424448943333,-8.82932188147653,0.25675175300922,0.248147596311022,2021.04735783603,2021.05596199273
366,367,0.0527628112099204,13.2459490678638,-8.82934340096325,13.2444995828378,-8.83182229818817,0.299236026200867,0.246635291863615,2021.00487356284,2021.05747429718
420,201,0.148679819118434,13.2454416489922,-8.82777076211312,13.2432469317977,-8.82739284574805,0.406131607062693,0.246575342465579,2020.89797798198,2021.05753424658
329,106,0.0255117607820306,13.2339272040536,-8.93458720397289,13.2371736863746,-8.93794103211843,0.264675675044065,0.246575342465579,2021.039433914,2021.05753424658
227,228,0.00424734602506821,20.7238433750399,-18.3962649080176,20.7232378548652,-18.3958841858676,0.262398400356948,0.245332868877824,2021.04171118868,2021.05877672016
339,340,0.128187859420536,13.2453612778754,-8.82964081220121,13.2463853664221,-8.83132286560209,0.316683434401688,0.244604587137746,2020.98742615464,2021.0595050019
421,202,0.194384651254725,13.24503063738,-8.82907275520872,13.2444984539064,-8.8307635107209,0.415502758824071,0.238356164383506,2020.88860683022,2021.06575342466
348,124,0.0081201195415036,13.2427938091731,-8.82410675527467,13.2443069764714,-8.82275201037426,0.248786539066588,0.238356164383506,2021.05532304997,2021.06575342466
360,361,0.137657189016607,13.2418289052751,-8.8290091852331,13.2456479834457,-8.82591724602636,0.303167564778932,0.236547040943891,2021.00094202426,2021.0675625481
425,207,0.0961858237046133,16.1067200202089,-18.0389167166172,28.2974989000049,-15.3380291999971,0.327850791812647,0.235616438356148,2020.97625879723,2021.06849315068
299,78,0.103717263789489,15.2721088171,-4.27145320609291,15.273696275764,-4.26813938588331,0.349270441359024,0.232876712328562,2020.95483914768,2021.07123287671
352,358,0.00929697736648077,13.2424448943333,-8.82932188147653,13.2427941709771,-8.82836885625066,0.248147596311022,0.23196114201192,2021.05596199273,2021.07214844703
274,55,0.255598567984764,13.2444303685042,-8.83069162787787,13.2431669292387,-8.82921607253959,0.43736918021611,0.230136986301204,2020.86674040882,2021.07397260274
322,100,0.102734427317485,13.2328611639119,-8.9340924640221,13.2332723859574,-8.93413092666163,0.343838860569003,0.230136986301204,2020.96027072847,2021.07397260274
303,82,0.057512145538229,13.2445857138048,-8.83135894177258,13.2424357870154,-8.83049501792543,0.285904752845419,0.230136986301204,2021.0182048362,2021.07397260274
228,231,0.00135912422774562,20.7232378548652,-18.3958841858676,20.7238454112957,-18.3973259318176,0.245332868877824,0.229941429996211,2021.05877672016,2021.07416815904
367,369,0.00479746333520426,13.2444995828378,-8.83182229818817,13.2250438881696,-8.94028644132866,0.246635291863615,0.227660297329945,2021.05747429718,2021.07644929171
378,381,0.147174480442607,13.1769156071716,-9.10082556158543,13.1779573705351,-9.10397837796152,0.385992724254132,0.227586978242567,2020.91811686479,2021.0765226108
258,37,0.471565158265211,13.2410134434387,-8.82956260832086,13.2415054119929,-8.8285060302065,0.625883074074178,0.227397260273847,2020.67822651497,2021.07671232877
339,116,0.138786729714901,13.2453612778754,-8.82964081220121,13.3756797045789,-8.90867026182362,0.316683434401688,0.227397260273847,2020.98742615464,2021.07671232877
334,109,0.102209513323862,13.2463462138028,-8.82885197609192,13.2457022920386,-8.82924570064185,0.308004257342435,0.227397260273847,2020.9961053317,2021.07671232877
366,151,0.0588618686322649,13.2459490678638,-8.82934340096325,13.248608861922,-8.8312093306898,0.299236026200867,0.227397260273847,2021.00487356284,2021.07671232877
329,107,0.0446898429737597,13.2339272040536,-8.93458720397289,13.2290202187132,-8.93095103918456,0.264675675044065,0.227397260273847,2021.039433914,2021.07671232877
345,347,0.0445671718261328,13.241884973892,-8.82625331430397,13.2420049334264,-8.82483475403701,0.267629053233888,0.224226726288246,2021.03648053581,2021.07988286275
290,291,0.0986090971772584,27.8409021084174,-10.5212242298071,27.8418786242796,-10.5204982565404,0.341398697390186,0.223630546996344,2020.96271089165,2021.08047904204
331,108,0.153407780935803,13.2441548953012,-8.82768743351534,13.2457042866558,-8.82834484669764,0.358200482860374,0.219178082191775,2020.94590910618,2021.08493150685
359,140,0.107175063973424,13.2427180679961,-8.82844565971607,13.2449476220926,-8.83169352409587,0.318167491328837,0.219178082191775,2020.98594209771,2021.08493150685
228,229,0.0244386966851253,20.7232378548652,-18.3958841858676,20.7240285398329,-18.3948631599566,0.245332868877824,0.219134338810435,2021.05877672016,2021.08497525023
229,230,0.0255659961529657,20.7240285398329,-18.3948631599566,20.723842359249,-18.394927152629,0.219134338810435,0.215992558113692,2021.08497525023,2021.08811703093
275,56,0.15758003842013,13.2444288646709,-8.83203685188682,13.2455019833257,-8.82915804594843,0.432080556412028,0.213698630136832,2020.87202903263,2021.0904109589
347,121,0.00456547856267092,13.2420049334264,-8.82483475403701,13.2415958813039,-8.82346722545749,0.224226726288246,0.213698630136832,2021.07988286275,2021.0904109589
347,122,0.00456547856267092,13.2420049334264,-8.82483475403701,13.2423035274077,-8.82618121008758,0.224226726288246,0.213698630136832,2021.07988286275,2021.0904109589
430,431,0.665596270812707,13.2437630821105,-8.82623556834785,13.2560977708688,-8.81444641726907,0.808152898875616,0.211038570713988,2020.49595669017,2021.09307101833
296,76,0.100617579409363,15.2713984778115,-4.27179021129568,15.2719795864064,-4.27443963946586,0.352689664003636,0.210958904109475,2020.95141992504,2021.09315068493
369,370,0.0248605561436287,13.2250438881696,-8.94028644132866,13.1739025385712,-9.10233612116658,0.227660297329945,0.209027145616198,2021.07644929171,2021.09508244342
340,117,0.0297769524860941,13.2463853664221,-8.83132286560209,13.2378236712686,-8.93933494133836,0.244604587137746,0.208219178082118,2021.0595050019,2021.09589041096
412,413,0.321869101520824,13.2427245862294,-8.83194708568566,13.2409152331433,-8.8305522629431,0.520746968031311,0.20812682083965,2020.78336262101,2021.0959827682
231,232,0.0588176426358311,20.7238454112957,-18.3973259318176,20.7265153817318,-18.4010138530715,0.229941429996211,0.203269687277185,2021.07416815904,2021.10083990176
413,195,0.00106829215658241,13.2409152331433,-8.8305522629431,13.2413362507911,-8.83109341263965,0.20812682083965,0.199999999999818,2021.0959827682,2021.10410958904
413,196,0.00106829215658241,13.2409152331433,-8.8305522629431,13.2404728543657,-8.82995385479602,0.20812682083965,0.199999999999818,2021.0959827682,2021.10410958904
301,81,0.159164127899045,13.2440733472089,-8.83309916115852,13.2298759669608,-8.93307490750158,0.337650351546103,0.197260273972461,2020.96645923749,2021.10684931507
348,123,0.0492160099525466,13.2427938091731,-8.82410675527467,13.2390652342867,-8.82403764830659,0.248786539066588,0.197260273972461,2021.05532304997,2021.10684931507
370,150,0.00931775027225509,13.1739025385712,-9.10233612116658,13.1732483952656,-9.10139927077844,0.209027145616198,0.194520547945103,2021.09508244342,2021.1095890411
423,205,0.282929134551295,16.3257037856186,-17.2344847874978,13.4880581337502,-14.9240863058041,0.524582552460011,0.191780821917746,2020.77952703658,2021.11232876712
275,57,0.187717024721516,13.2444288646709,-8.83203685188682,13.2303205722283,-8.94003734872819,0.432080556412028,0.183561643835446,2020.87202903263,2021.12054794521
361,362,0.00952359559109964,13.2456479834457,-8.82591724602636,13.2461274959994,-8.82434227664682,0.236547040943891,0.180846834707024,2021.0675625481,2021.12326275433
305,87,0.428617543008826,13.2444177991356,-8.82718203107278,13.3663652616524,-8.90177219584608,0.659995829416168,0.180821917808089,2020.64411375962,2021.12328767123
271,53,0.44821005542826,13.2225768393541,-8.92153632381881,13.1755470711798,-9.10783130953962,0.651137665380517,0.180821917808089,2020.65297192366,2021.12328767123
222,35,0.38244094658148,17.0919173352936,-22.9087333866867,17.0957825768466,-22.9089154331812,0.554460003838717,0.180821917808089,2020.7496495852,2021.12328767123
223,3,0.36473402729856,17.0918647691912,-22.9086062358787,15.3923454954339,-22.0248262296282,0.541196300491955,0.180821917808089,2020.76291328855,2021.12328767123
235,15,0.283760339678899,17.0913501454023,-22.9091312350568,20.7277446912781,-18.4010187644859,0.473896680889474,0.180821917808089,2020.83021290815,2021.12328767123
247,29,0.212222409745306,17.0899121399151,-22.9083795872016,24.137717570236,-17.6923379401269,0.404774771007221,0.180821917808089,2020.89933481803,2021.12328767123
242,20,0.158715769078186,15.7454767175033,-18.4705723651384,15.7453838070538,-18.4679871556269,0.381298396629541,0.180821917808089,2020.92281119241,2021.12328767123
221,2,0.158470340491763,17.0889613910238,-22.9088438213601,17.0869951642551,-22.9090707756674,0.376591749366642,0.180821917808089,2020.92751783967,2021.12328767123
238,18,0.175519045853955,17.0887924940788,-22.9108994054304,17.0886049549445,-22.9113261561795,0.364707607695511,0.180821917808089,2020.93940198135,2021.12328767123
249,26,0.186387702082776,17.0906646488272,-22.9065748253229,17.0933703729366,-22.9068682052529,0.352755884296043,0.180821917808089,2020.95135370474,2021.12328767123
249,27,0.186387702082776,17.0906646488272,-22.9065748253229,17.0900121565209,-22.9033163365584,0.352755884296043,0.180821917808089,2020.95135370474,2021.12328767123
233,14,0.161560818279778,17.0942789456679,-22.9075664530708,15.3912418649887,-22.0275168628359,0.344282919332469,0.180821917808089,2020.95982666971,2021.12328767123
403,183,0.147349391744652,17.0931223592636,-22.9102346128842,17.0962112505507,-22.9095486882433,0.344001350071075,0.180821917808089,2020.96010823897,2021.12328767123
239,16,0.158996693100745,17.0883011223719,-22.9115063585909,17.0871213108742,-22.9129851140094,0.340319082783441,0.180821917808089,2020.96379050626,2021.12328767123
239,17,0.158996693100745,17.0883011223719,-22.9115063585909,20.7253633579536,-18.4027880986098,0.340319082783441,0.180821917808089,2020.96379050626,2021.12328767123
234,12,0.137766154845063,17.0940362903698,-22.9074545151214,13.9740387801029,-19.6834497854956,0.32812736260333,0.180821917808089,2020.97598222644,2021.12328767123
234,13,0.137766154845063,17.0940362903698,-22.9074545151214,17.0963687864009,-22.9065144241542,0.32812736260333,0.180821917808089,2020.97598222644,2021.12328767123
292,71,0.147902081084342,27.8440191825028,-10.5219298861236,27.8422670310523,-10.5211759225299,0.319541720005537,0.180821917808089,2020.98456786904,2021.12328767123
293,70,0.107198675494959,27.8448605590871,-10.5221042368462,27.8476587347033,-10.5232883831619,0.306168843500024,0.180821917808089,2020.99794074554,2021.12328767123
244,22,0.10100787606392,17.7047398162659,-19.2614891072647,18.9702009999983,-18.2561109999975,0.305328489912297,0.180821917808089,2020.99878109913,2021.12328767123
402,181,0.0973670667789731,17.0914045467674,-22.9095541081806,17.0943353698364,-22.9128327696438,0.299047030876774,0.180821917808089,2021.00506255816,2021.12328767123
402,182,0.0973670667789731,17.0914045467674,-22.9095541081806,17.0893295630813,-22.9052122911472,0.299047030876774,0.180821917808089,2021.00506255816,2021.12328767123
426,209,0.0953825563025157,15.5186219096535,-18.9948759051269,17.0941323616253,-22.9116859474668,0.291731342655372,0.180821917808089,2021.01237824639,2021.12328767123
426,210,0.0953825563025157,15.5186219096535,-18.9948759051269,13.9758122721695,-19.6760716516955,0.291731342655372,0.180821917808089,2021.01237824639,2021.12328767123
227,5,0.0722967717326878,20.7238433750399,-18.3962649080176,20.7203059148136,-18.393246845517,0.262398400356948,0.180821917808089,2021.04171118868,2021.12328767123
401,179,0.0422466521195143,17.090066327415,-22.9106866062463,17.7673375301036,-26.8773023280728,0.253501571723164,0.180821917808089,2021.05060801732,2021.12328767123
401,180,0.0422466521195143,17.090066327415,-22.9106866062463,17.0894081562558,-22.9113738857558,0.253501571723164,0.180821917808089,2021.05060801732,2021.12328767123
231,11,0.066690301479874,20.7238454112957,-18.3973259318176,20.7203543226957,-18.3948981364778,0.229941429996211,0.180821917808089,2021.07416815904,2021.12328767123
291,67,0.0501428338870702,27.8418786242796,-10.5204982565404,27.8437866510944,-10.5199757324302,0.223630546996344,0.180821917808089,2021.08047904204,2021.12328767123
291,68,0.0501428338870702,27.8418786242796,-10.5204982565404,27.8392769730201,-10.5205127195074,0.223630546996344,0.180821917808089,2021.08047904204,2021.12328767123
229,8,0.0436107290224943,20.7240285398329,-18.3948631599566,20.7236187418962,-18.3934016297856,0.219134338810435,0.180821917808089,2021.08497525023,2021.12328767123
230,6,0.0180447328695286,20.723842359249,-18.394927152629,20.7212025228732,-18.3934389538278,0.215992558113692,0.180821917808089,2021.08811703093,2021.12328767123
230,7,0.0180447328695286,20.723842359249,-18.394927152629,20.7269390838622,-18.3954856771248,0.215992558113692,0.180821917808089,2021.08811703093,2021.12328767123
232,9,0.0078726588440429,20.7265153817318,-18.4010138530715,20.7278791444575,-18.4011926287893,0.203269687277185,0.180821917808089,2021.10083990176,2021.12328767123
232,10,0.0078726588440429,20.7265153817318,-18.4010138530715,20.7263494842414,-18.4030458412018,0.203269687277185,0.180821917808089,2021.10083990176,2021.12328767123
417,204,0.317595726231561,13.2429671736803,-8.82742300757652,13.2402906574174,-8.82320586737621,0.634301143633735,0.175342465753374,2020.66980844541,2021.12876712329
269,51,0.425409512319294,13.2443389935509,-8.83056911801328,13.248536513969,-8.83091577979325,0.633554835480695,0.175342465753374,2020.67055475356,2021.12876712329
373,152,0.311193953416624,13.2486401295171,-8.82928433760869,13.2483369541587,-8.82288232965185,0.47820644802231,0.175342465753374,2020.82590314102,2021.12876712329
288,65,0.165406560306271,13.2421952759226,-8.8295457143534,13.2417001088753,-8.83074534581994,0.389857629220395,0.175342465753374,2020.91425195982,2021.12876712329
358,132,0.0354468794298991,13.2427941709771,-8.82836885625066,13.2402122509851,-8.83213330144615,0.23196114201192,0.172602739726017,2021.07214844703,2021.13150684931
352,353,0.105042170726596,13.2424448943333,-8.82932188147653,13.2426505113065,-8.82903668172445,0.248147596311022,0.169148062767475,2021.05596199273,2021.13496152627
297,298,0.0737574157633523,15.271041455244,-4.27036858491814,15.2716520207416,-4.26690665629861,0.278535611831692,0.167376411570941,2021.02557397721,2021.13673317747
369,147,0.0615755666899125,13.2250438881696,-8.94028644132866,13.2298613892894,-8.93967807419394,0.227660297329945,0.167123287671075,2021.07644929171,2021.13698630137
370,371,0.0446628694263052,13.1739025385712,-9.10233612116658,13.175123558573,-9.10449388605427,0.209027145616198,0.166513488421613,2021.09508244342,2021.13759610062
367,368,0.077222954715126,13.2444995828378,-8.83182229818817,13.2437685568761,-8.82737455312247,0.246635291863615,0.166179459556104,2021.05747429718,2021.13793012948
416,198,0.430284192326309,13.24289099323,-8.92206483795236,13.3664325748718,-8.93682549640624,0.700357397641267,0.16164383561636,2020.6037521914,2021.14246575342
335,336,0.167116260116209,13.2475930245089,-8.82880136473864,13.3701234054828,-8.90574589541736,0.275111908597792,0.159137292532362,2021.02899768044,2021.14497229651
358,133,0.0491455095669134,13.2427941709771,-8.82836885625066,13.244519580693,-8.82594772184261,0.23196114201192,0.158904109589002,2021.07214844703,2021.14520547945
431,214,0.0180607931905857,13.2560977708688,-8.81444641726907,13.2559904969491,-8.81316137748945,0.211038570713988,0.158904109589002,2021.09307101833,2021.14520547945
431,215,0.0180607931905857,13.2560977708688,-8.81444641726907,13.2572356291631,-8.81466094015773,0.211038570713988,0.158904109589002,2021.09307101833,2021.14520547945
340,118,0.0845714730341514,13.2463853664221,-8.83132286560209,13.2486412783034,-8.83210867697341,0.244604587137746,0.15342465753406,2021.0595050019,2021.15068493151
361,136,0.0276460382519735,13.2456479834457,-8.82591724602636,13.3667051281518,-8.90648168691263,0.236547040943891,0.15342465753406,2021.0675625481,2021.15068493151
362,137,0.0181224426608738,13.2461274959994,-8.82434227664682,13.2466498228199,-8.8242296896217,0.180846834707024,0.15342465753406,2021.12326275433,2021.15068493151
412,194,0.372252462170521,13.2427245862294,-8.83194708568566,13.2446018310406,-8.83097792297033,0.520746968031311,0.150684931506703,2020.78336262101,2021.15342465753
381,160,0.0793869117871967,13.1779573705351,-9.10397837796152,13.1791354534208,-9.10387532450832,0.227586978242567,0.150684931506703,2021.0765226108,2021.15342465753
381,161,0.0793869117871967,13.1779573705351,-9.10397837796152,13.1773209422205,-9.10551939751923,0.227586978242567,0.150684931506703,2021.0765226108,2021.15342465753
371,148,0.00849049728435031,13.175123558573,-9.10449388605427,13.1755798320082,-9.10381923739733,0.166513488421613,0.150684931506703,2021.13759610062,2021.15342465753
371,149,0.00849049728435031,13.175123558573,-9.10449388605427,13.1751983465179,-9.10619338996155,0.166513488421613,0.150684931506703,2021.13759610062,2021.15342465753
246,250,0.308734767813981,17.0902781473521,-22.9089749028553,17.7628617279973,-26.8777655963273,0.433338261352491,0.144771581460603,2020.87077132769,2021.15933800758
295,77,0.175082822026582,15.2711179208541,-4.27178556951921,15.2679174148516,-4.27092864359943,0.359747807956706,0.142465753424631,2020.94436178108,2021.16164383562
368,146,0.0138076095564346,13.2437685568761,-8.82737455312247,13.2459538448747,-8.82494822664582,0.166179459556104,0.142465753424631,2021.13793012948,2021.16164383562
353,354,0.027363220183043,13.2426505113065,-8.82903668172445,13.2372953682412,-8.83200724431679,0.169148062767475,0.141189836926411,2021.13496152627,2021.16291975211
264,44,0.211465891378707,13.1756843753255,-9.09822493785578,13.2287008792048,-8.93217465032614,0.34143340906195,0.139726027397046,2020.96267617998,2021.16438356164
418,199,0.337537708763782,13.2437785231233,-8.82792787115931,13.2436926298115,-8.82800841808899,0.567723084321776,0.136986301369689,2020.73638650472,2021.16712328767
297,75,0.112731038647352,15.271041455244,-4.27036858491814,15.2705298779611,-4.27232509453024,0.278535611831692,0.136986301369689,2021.02557397721,2021.16712328767
298,73,0.0389736228839998,15.2716520207416,-4.26690665629861,15.2761441654478,-4.26544930418385,0.167376411570941,0.136986301369689,2021.13673317747,2021.16712328767
298,74,0.0389736228839998,15.2716520207416,-4.26690665629861,15.2680239919248,-4.26675995501617,0.167376411570941,0.136986301369689,2021.13673317747,2021.16712328767
375,153,0.262183363204131,13.2880401622093,-8.89266403843381,13.2381560659086,-8.89783429270623,0.393586188888872,0.134246575342331,2020.91052340015,2021.1698630137
376,154,0.263015156383564,13.3620653736097,-8.92467681210218,13.3682249736165,-8.90342384390057,0.38043423429463,0.131506849314974,2020.92367535475,2021.17260273973
263,45,0.233674990603843,13.2178027316897,-8.94747633272884,13.1725549674595,-9.10278811771889,0.389760921197462,0.128767123287616,2020.91434866784,2021.17534246575
265,42,0.169833467515494,13.1743801674582,-9.10322817455446,13.1740560468137,-9.10586931723665,0.279718716139474,0.128767123287616,2021.0243908729,2021.17534246575
250,251,0.00748601683906001,17.7628617279973,-26.8777655963273,17.7622956172546,-26.8766276545309,0.144771581460603,0.126031224754775,2021.15933800758,2021.17807836429
343,125,0.218308606111155,13.2433506974862,-8.82699314048979,13.2451242247877,-8.82501021552739,0.3437045705096,0.126027397260259,2020.96040501853,2021.17808219178
314,89,0.167467102296113,13.2451458288201,-8.82805859114852,13.2368247837739,-8.93281372453203,0.306398460971475,0.126027397260259,2020.99771112807,2021.17808219178
293,69,0.161993196042789,27.8448605590871,-10.5221042368462,28.8336435999969,-2.51039075000028,0.306168843500024,0.126027397260259,2020.99794074554,2021.17808219178
262,41,0.130352972599134,13.2364516691717,-8.83155210667303,13.240056273807,-8.8291517004457,0.28198301378968,0.126027397260259,2021.02212657525,2021.17808219178
320,321,0.27500539767868,13.234359937653,-8.92984758255082,13.2364837634031,-8.92650967618983,0.384178124350296,0.120399392569994,2020.91993146469,2021.18371019647
354,355,0.0204123562032052,13.2372953682412,-8.83200724431679,13.2361442517347,-8.82983857845894,0.141189836926411,0.117813566263672,2021.16291975211,2021.18629602278
353,357,0.0473676725485399,13.2426505113065,-8.82903668172445,13.2457874000216,-8.82698013957267,0.169148062767475,0.115470698269459,2021.13496152627,2021.18863889077
250,252,0.00720549430854776,17.7628617279973,-26.8777655963273,17.7640892410231,-26.8789377830403,0.144771581460603,0.115335934497425,2021.15933800758,2021.18877365454
266,47,0.41040049160308,13.3750706956604,-8.8311260753025,13.4876001748926,-14.9232337285805,0.525311232083532,0.109589041095887,2020.77879835696,2021.19452054795
252,253,0.0118539792512042,17.7640892410231,-26.8789377830403,17.7638081687639,-26.8790920947501,0.115335934497425,0.107291939526123,2021.18877365454,2021.19681764951
251,30,0.0138230731825162,17.7622956172546,-26.8766276545309,17.7631585165485,-26.8721192302702,0.126031224754775,0.104109589040945,2021.17807836429,2021.2
251,31,0.0138230731825162,17.7622956172546,-26.8766276545309,17.7600604709034,-26.878956930776,0.126031224754775,0.104109589040945,2021.17807836429,2021.2
252,34,0.0141035957130284,17.7640892410231,-26.8789377830403,17.765533735451,-26.8795806055989,0.115335934497425,0.104109589040945,2021.18877365454,2021.2
253,32,0.0022496164618242,17.7638081687639,-26.8790920947501,17.763746531322,-26.8793650855,0.107291939526123,0.104109589040945,2021.19681764951,2021.2
253,33,0.0022496164618242,17.7638081687639,-26.8790920947501,17.7638634127706,-26.8789652108911,0.107291939526123,0.104109589040945,2021.19681764951,2021.2
245,24,0.177260780781421,17.7043442874261,-19.2618522759353,21.4424495999993,-18.0606098000019,0.279581680436858,0.101369863013588,2021.0245279086,2021.20273972603
430,213,0.743931036606065,13.2437630821105,-8.82623556834785,13.2413356860893,-8.8266407940962,0.808152898875616,0.0986301369862304,2020.49595669017,2021.20547945205
265,43,0.19997045381688,13.1743801674582,-9.10322817455446,13.3706304903453,-8.90364581858881,0.279718716139474,0.0986301369862304,2021.0243908729,2021.20547945205
323,324,0.366448562262806,13.2442194940127,-8.82825695844375,13.2473457620886,-8.82323980707619,0.456383372892352,0.0983381155505066,2020.84772621615,2021.20577147349
315,316,0.280466439999538,13.2445149442285,-8.82894503796878,13.2472044692751,-8.82829822137371,0.341611146792853,0.0803982715653925,2020.96249844225,2021.22371131748
262,40,0.176928315064892,13.2364516691717,-8.83155210667303,29.9618849682735,-27.7351566000067,0.28198301378968,0.0794520547945012,2021.02212657525,2021.22465753425
351,134,0.145646503513632,13.2422550574046,-8.82923025110889,13.2437581370582,-8.82384810309433,0.25675175300922,0.0794520547945012,2021.04735783603,2021.22465753425
362,138,0.100314223482732,13.2461274959994,-8.82434227664682,13.2454673630603,-8.82316006702611,0.180846834707024,0.0712328767122017,2021.12326275433,2021.23287671233
336,111,0.069490864388117,13.3701234054828,-8.90574589541736,13.3725774071539,-8.90766018435653,0.159137292532362,0.0684931506848443,2021.14497229651,2021.23561643836
324,325,0.029919786137254,13.2473457620886,-8.82323980707619,13.2523025279449,-8.81052808133214,0.0983381155505066,0.06425641125175,2021.20577147349,2021.23985317779
321,98,0.00849632939849106,13.2364837634031,-8.92650967618983,13.2347996461062,-8.93710079133761,0.120399392569994,0.0602739726025447,2021.18371019647,2021.24383561644
357,131,0.00466278064471649,13.2457874000216,-8.82698013957267,13.2478135957607,-8.82567330549258,0.115470698269459,0.0602739726025447,2021.18863889077,2021.24383561644
409,192,0.599744505596151,13.2437742992244,-8.82926485874221,13.2436578798844,-8.82784647901978,0.756250412790713,0.05479452054783,2020.54785917625,2021.24931506849
261,39,0.362641828075223,13.2339647618965,-8.83301487377507,13.214029046183,-8.83847973398674,0.340864634680882,0.05479452054783,2020.96324495436,2021.24931506849
368,145,0.101478842433235,13.2437685568761,-8.82737455312247,13.2156089122574,-8.84088567151498,0.166179459556104,0.05479452054783,2021.13793012948,2021.24931506849
321,97,0.0139757814532058,13.2364837634031,-8.92650967618983,13.2409090221336,-8.90619699864186,0.120399392569994,0.05479452054783,2021.18371019647,2021.24931506849
363,364,0.268013873804995,13.2428188850356,-8.82545465467635,13.2419534614078,-8.82761306028548,0.328378301690839,0.053890380931215,2020.97573128735,2021.25021920811
316,91,0.0103501052301486,13.2472044692751,-8.82829822137371,13.2485677840151,-8.82933660171693,0.0803982715653925,0.0493150684931152,2021.22371131748,2021.25479452055
316,92,0.0103501052301486,13.2472044692751,-8.82829822137371,13.2464892387944,-8.82714006003375,0.0803982715653925,0.0493150684931152,2021.22371131748,2021.25479452055
336,110,0.099627850689503,13.3701234054828,-8.90574589541736,13.3681748758535,-8.90406499816729,0.159137292532362,0.0383561643834582,2021.14497229651,2021.26575342466
325,103,0.0291427455698534,13.2523025279449,-8.81052808133214,13.2553580314132,-8.80020825000126,0.06425641125175,0.0356164383561008,2021.23985317779,2021.26849315068
355,356,0.042214367461503,13.2361442517347,-8.82983857845894,13.2312962152392,-8.82519491300887,0.117813566263672,0.0322831865740066,2021.18629602278,2021.27182640247
354,126,0.0657631234210291,13.2372953682412,-8.83200724431679,13.2322576983247,-8.90127139999859,0.141189836926411,0.0191780821917291,2021.16291975211,2021.28493150685
355,127,0.0453507672178239,13.2361442517347,-8.82983857845894,13.3669149832994,-8.90907286264729,0.117813566263672,0.0191780821917291,2021.18629602278,2021.28493150685
357,130,0.0457586710555321,13.2457874000216,-8.82698013957267,13.2010539000009,-8.89639439999912,0.115470698269459,0.0191780821917291,2021.18863889077,2021.28493150685
325,104,0.0455811017342251,13.2523025279449,-8.81052808133214,13.4290289340824,-8.83172030531569,0.06425641125175,0.0191780821917291,2021.23985317779,2021.28493150685
324,102,0.0782406138988365,13.2473457620886,-8.82323980707619,13.2444394715673,-8.83181392688994,0.0983381155505066,0.0164383561643717,2021.20577147349,2021.28767123288
364,142,0.0345923824275386,13.2419534614078,-8.82761306028548,13.242040500001,-8.82278019999926,0.053890380931215,0.013698630136787,2021.25021920811,2021.2904109589
356,128,0.00861585181126297,13.2312962152392,-8.82519491300887,13.2303957596014,-8.82262056655001,0.0322831865740066,0.013698630136787,2021.27182640247,2021.2904109589
356,129,0.00861585181126297,13.2312962152392,-8.82519491300887,13.2313264306981,-8.82713590216495,0.0322831865740066,0.013698630136787,2021.27182640247,2021.2904109589
318,95,0.274240427291478,13.242801751995,-8.82753932863205,13.2314629933719,-8.90446070118448,0.292668044843124,0.00547945205471478,2021.0114415442,2021.29863013699
364,143,0.0482910125643256,13.2419534614078,-8.82761306028548,13.231594304005,-8.90467697085233,0.053890380931215,0,2021.25021920811,2021.30410958904
